<?xml version="1.0" encoding="UTF-8"?>
<supportedtypes>
    <primitives
        boolean="true"
        byte="1"
        char="a"
        short="2"
        int="3"
        long="4"
        float="5.5"
        double="6.6">
    </primitives>
    <nonprimitives>
        <Boolean>false</Boolean>
        <Byte>0</Byte>
        <Character>b</Character>
        <Short>11</Short>
        <Integer>33</Integer>
        <Long>44</Long>
        <Float>55.5</Float>
        <Double>66.6</Double>
        <String>string content</String>
        <QName>{http://namespace/}localPart</QName>
        <BigInteger>12345678901234567890</BigInteger>
        <BigDecimal>11111111111.11111111</BigDecimal>
        <Element>asdf</Element>
    </nonprimitives>
</supportedtypes>
